Nome da tarefa,Descrição da tarefa,Status,Prioridade,Data de início,Data de vencimento,Story Points,Responsável,Tags,Sprint
"[ADS] TS01 - Setup inicial do Next.js 16 (TypeScript, Tailwind, Shadcn)","Configurar o projeto básico usando Next.js 16, TypeScript, Tailwind CSS e componentes da Shadcn UI.","To Do","High","2026-08-11","2026-08-15",2,"Aluno A","ADS,Infraestrutura,NextJS","Sprint 1"
"[ADS] TS02 - Configuração do Docker Compose + PostgreSQL + Prisma ORM","Configurar arquivo docker-compose.yml com banco PostgreSQL e modelagem de tabelas físicas com Prisma ORM.","To Do","High","2026-08-11","2026-08-15",1,"Aluno A","ADS,Banco de Dados,PostgreSQL,Prisma","Sprint 1"
"[ADS] TS03 - Fluxo de Autenticação com Next-Auth (Auth.js) e JWT","Implementar login, cadastro e sessão de usuário usando Next-Auth com JWT tokens e criptografia de senhas.","To Do","High","2026-08-15","2026-08-21",3,"Aluno B","ADS,Segurança,NextAuth","Sprint 1"
"[ADS] TS04 - Criação do modelo de convites familiares e vinculação lógica via familyId","Criar a modelagem e rotas para convidar membros da família por e-mail e vinculá-los ao mesmo familyId.","To Do","High","2026-08-15","2026-08-21",2,"Aluno B","ADS,Regras de Negócio,Multi-Tenant","Sprint 1"
"[ADS] TS05 - Tela e formulário mobile-first de registro de gastos diários","Criar a interface mobile-first e o formulário de entrada para o registro de gastos com campos: valor, data, descrição e categoria.","To Do","High","2026-08-18","2026-08-25",2,"Aluno C","ADS,Frontend,React","Sprint 1"
"[ADS] TS06 - Listagem interativa cronológica reversa de gastos com filtros por data","Exibir lista de gastos diários ordenados em ordem cronológica reversa, permitindo filtrar transações por intervalo de datas.","To Do","High","2026-08-18","2026-08-25",1,"Aluno C","ADS,Frontend,React","Sprint 1"
"[ADS] TS07 - Criação das APIs de categorias de despesa (CRUD)","Criar endpoints REST/Server Actions para criar, ler, atualizar e deletar categorias de gastos.","To Do","High","2026-08-18","2026-08-25",1,"Aluno D","ADS,Backend,API","Sprint 1"
"[ADS] TS08 - Implementação da lógica de exclusão com reatribuição para categoria 'Outros'","Aplicar regra de negócio RN04: ao deletar categoria, reatribuir gastos dela para a categoria padrão 'Outros' no banco.","To Do","High","2026-08-18","2026-08-25",1,"Aluno D","ADS,Backend,Regras de Negócio","Sprint 1"
"[ADS] TS09 - Conexão inicial com a API do Gemini via Vercel AI SDK","Integrar Vercel AI SDK e configurar o endpoint para conexão básica com a API do Gemini, testando requisições.","To Do","High","2026-08-18","2026-08-25",2,"Aluno E","ADS,Inteligência Artificial,Gemini","Sprint 1"
"[ADS] TS10 - Lógica de processamento assíncrono das transações para inferência de orçamentos","Criar a lógica assíncrona de compilação dos dados de gastos da família e envio estruturado para inferência na API de IA.","To Do","High","2026-08-18","2026-08-25",1,"Aluno E","ADS,Inteligência Artificial,Gemini","Sprint 1"
"[ADS] TS11 - Implementação do Dashboard Analítico de Gastos Familiares","Desenvolver visualizações completas (gráficos de pizza, linhas, barras) consolidadas por grupo familiar usando Recharts.","To Do","Normal","2026-08-25","2026-09-02",3,"Aluno C","ADS,Frontend,Recharts","Sprint 2"
"[ADS] TS12 - Endpoint de Consolidação e Consulta de Relatórios Financeiros","API para agregar despesas do grupo familiar por período, categoria e totalizadores.","To Do","Normal","2026-08-25","2026-09-02",2,"Aluno D","ADS,Backend,API","Sprint 2"
"[ADS] TS13 - Modelagem de Prompts e Engenharia de Contexto para a IA (Gemini)","Desenvolver o prompt de sistema do Gemini para receber dados estruturados de gastos e retornar dicas e orçamentos recomendados de forma segura.","To Do","Normal","2026-08-28","2026-09-05",4,"Aluno E","ADS,Inteligência Artificial,Gemini","Sprint 2"
"[ADS] TS14 - Pipeline assíncrono de IA com fila/cache no banco de dados","Cachear recomendações da IA no banco de dados para evitar múltiplas chamadas caras e controlar limites de requisições por família.","To Do","Normal","2026-08-28","2026-09-05",4,"Aluno E","ADS,Backend,Prisma,Cache","Sprint 2"
"[ADS] TS15 - Cobertura de Testes Unitários e de Integração com Vitest","Configurar Vitest, escrever testes automatizados para regras críticas de negócio (ex: exclusão de categorias, isolamento multi-tenant).","To Do","Normal","2026-09-02","2026-09-08",3,"Aluno A","ADS,Qualidade,Testes,Vitest","Sprint 2"
"[ADS] TS16 - Testes de Vulnerabilidade de Acesso Multi-tenant","Escrever testes automatizados que garantam que um usuário logado em uma família não consiga acessar ou modificar dados de outra família.","To Do","Normal","2026-09-02","2026-09-08",2,"Aluno B","ADS,Segurança,Testes","Sprint 2"
"[ADS] TS17 - Cadastro de Limites Orçamentários por Categoria","Criar a tabela no banco de dados e as rotas correspondentes para salvar limites de despesas definidos pela família.","To Do","Normal","2026-09-08","2026-09-14",2,"Aluno D","ADS,Backend,Prisma","Sprint 3"
"[ADS] TS18 - Alertas Visuais de Orçamento Estourado no Dashboard","Lógica no frontend para calcular o percentual do orçamento consumido e exibir alertas com indicador de progresso (Shadcn progress bar).","To Do","Normal","2026-09-08","2026-09-14",3,"Aluno C","ADS,Frontend,Shadcn","Sprint 3"
"[ADS] TS19 - Geração de PDFs de Relatórios Financeiros no Servidor","Criar serviço no backend usando bibliotecas como @react-pdf/renderer ou similar para exportar extrato mensal em formato PDF.","To Do","Normal","2026-09-12","2026-09-17",2,"Aluno D","ADS,Backend,PDF","Sprint 3"
"[ADS] TS20 - Exportação de Dados em Planilha CSV no Cliente","Função no frontend para converter lista de transações em string CSV e fazer download imediato no browser.","To Do","Normal","2026-09-12","2026-09-17",1,"Aluno C","ADS,Frontend,CSV","Sprint 3"
"[ADS] TS21 - Pipeline de CI/CD (GitHub Actions) e Deploy na Vercel","Configurar fluxos automatizados de build e testes no GitHub e deploy de produção na Vercel com conexão ao banco em nuvem (Neon/Supabase).","To Do","Normal","2026-09-16","2026-09-22",3,"Aluno A","ADS,Infraestrutura,Deploy,CI-CD","Sprint 3"
"[ADS] TS22 - Auditoria de Segurança de Rotas e Middleware","Revisão final de vulnerabilidades, validação de tokens JWT expirados e testes finais de penetração manual.","To Do","Normal","2026-09-16","2026-09-22",2,"Aluno B","ADS,Segurança,Revisão","Sprint 3"
"[TÉCNICO] TT01 - Prototipação e estilização responsiva do Dashboard usando Tailwind CSS","Desenvolver o layout HTML/CSS responsivo (Mobile-First) do Dashboard financeiro principal.","To Do","High","2026-08-11","2026-08-15",2,"Aluno 1","Técnico,CSS,Tailwind","Sprint 1"
"[TÉCNICO] TT02 - Estilização das páginas públicas (Landing Page, Login, Cadastro)","Estilizar telas públicas de apresentação, formulário de login e formulário de registro de novos usuários.","To Do","High","2026-08-11","2026-08-15",1,"Aluno 1","Técnico,CSS,Tailwind","Sprint 1"
"[TÉCNICO] TT03 - Criação do roteamento de páginas (App Router) e navegação (Sidebar)","Configurar pastas no App Router do Next.js e criar a navegação dinâmica de páginas internas com a barra lateral de links.","To Do","High","2026-08-15","2026-08-21",2,"Aluno 2","Técnico,Frontend,NextJS,Routing","Sprint 1"
"[TÉCNICO] TT04 - Roteamento protegido (proteção de páginas internas via Middleware simplificado)","Criar middleware simplificado no Next.js para verificar sessão e bloquear acessos de usuários não autenticados ao Dashboard.","To Do","High","2026-08-15","2026-08-21",1,"Aluno 2","Técnico,Frontend,Segurança","Sprint 1"
"[TÉCNICO] TT05 - Desenvolvimento do formulário de gastos com validações HTML5/JavaScript","Criar formulário HTML no React para inserção de despesas, validando tipos de dados e obrigatoriedade via JS do cliente.","To Do","High","2026-08-18","2026-08-25",1,"Aluno 3","Técnico,Frontend,JS,Forms","Sprint 1"
"[TÉCNICO] TT06 - Listagem simples de gastos diários usando estados locais do React","Implementar exibição de transações na tela consumindo dados salvos temporariamente em estado local (useState) do React.","To Do","High","2026-08-18","2026-08-25",1,"Aluno 3","Técnico,Frontend,React","Sprint 1"
"[TÉCNICO] TT07 - Integração de gráficos simples (Recharts/Chart.js) no Dashboard","Adicionar um gráfico de pizza para mostrar a distribuição percentual das despesas por categorias.","To Do","High","2026-08-18","2026-08-25",1,"Aluno 4","Técnico,Visualização,Recharts","Sprint 1"
"[TÉCNICO] TT08 - Filtros de visualização gráfica por mês e por categorias padrão","Implementar botões ou seletores que filtram dinamicamente o array de despesas passado para o gráfico.","To Do","High","2026-08-18","2026-08-25",1,"Aluno 4","Técnico,Visualização,Filtros","Sprint 1"
"[TÉCNICO] TT09 - Conexão e envio de requisições JSON de gastos para o endpoint de IA","Codificar a função assíncrona fetch (POST) enviando a lista de transações em formato JSON para a API interna.","To Do","High","2026-08-18","2026-08-25",2,"Aluno 5","Técnico,API,Fetch,JS","Sprint 1"
"[TÉCNICO] TT10 - Renderização das sugestões orçamentárias recebidas na tela","Criar a seção visual para exibir a resposta da IA, tratando estados de carregamento (loading spinner) de forma amigável.","To Do","High","2026-08-18","2026-08-25",1,"Aluno 5","Técnico,API,Frontend","Sprint 1"
"[TÉCNICO] TT11 - Refinamento Estético e Interatividade do Dashboard","Melhorar os efeitos visuais, transições de hover e layout do dashboard para torná-lo profissional.","To Do","Normal","2026-08-25","2026-09-02",2,"Aluno 1","Técnico,CSS,Tailwind","Sprint 2"
"[TÉCNICO] TT12 - Integração de Múltiplos Tipos de Gráficos no Painel","Desenvolver gráficos adicionais (como barras para fluxo mensal e pizza para categorias) e ligar a dados dinâmicos.","To Do","Normal","2026-08-25","2026-09-02",2,"Aluno 4","Técnico,Visualização,Recharts","Sprint 2"
"[TÉCNICO] TT13 - Envio do Histórico Completo de Transações para IA","Ajustar o JSON de envio para coletar os dados do estado do React das transações do mês e despachar para o endpoint de IA.","To Do","Normal","2026-08-28","2026-09-05",3,"Aluno 5","Técnico,API,Fetch","Sprint 2"
"[TÉCNICO] TT14 - Renderização rica de recomendações em Markdown","Usar bibliotecas como react-markdown para formatar a resposta estilizada da IA com cabeçalhos, listas e tabelas.","To Do","Normal","2026-08-28","2026-09-05",2,"Aluno 3","Técnico,Frontend,Markdown","Sprint 2"
"[TÉCNICO] TT15 - Validações Avançadas e Proteção no Lado do Cliente","Validar dados no formulário para evitar caracteres maliciosos e tratar erros de requisições de forma visual amigável.","To Do","Normal","2026-09-02","2026-09-08",2,"Aluno 2","Técnico,Frontend,Segurança","Sprint 2"
"[TÉCNICO] TT16 - Formulário Simplificado de Limites Financeiros","Desenvolver formulário no frontend para que o usuário informe limites para as categorias em estado local ou mockado.","To Do","Normal","2026-09-08","2026-09-14",2,"Aluno 3","Técnico,Frontend,Forms","Sprint 3"
"[TÉCNICO] TT17 - Exibição de Alertas Coloridos (Verde/Amarelo/Vermelho)","Customizar a visualização dos cards do painel para alterar a cor de fundo ou bordas conforme a despesa se aproxima do limite.","To Do","Normal","2026-09-08","2026-09-14",2,"Aluno 1","Técnico,CSS,Tailwind","Sprint 3"
"[TÉCNICO] TT18 - Exportação de Planilha Simples de Transações (CSV)","Implementar botão que baixa a lista de transações atuais em arquivo CSV delimitado por ponto e vírgula.","To Do","Normal","2026-09-12","2026-09-17",1,"Aluno 3","Técnico,Frontend,CSV","Sprint 3"
"[TÉCNICO] TT19 - Impressão Otimizada de Tela (CSS Print)","Ajustar estilização da página com regras @media print para que a impressão direta do navegador (Ctrl+P) oculte a Sidebar e formate a tabela para folha A4.","To Do","Normal","2026-09-12","2026-09-17",1,"Aluno 1","Técnico,CSS,Print","Sprint 3"
"[TÉCNICO] TT20 - Integração Geral de Módulos e Teste de Fluxo Completo","Juntar o roteamento, formulários, gráficos e retornos de IA em uma única pasta e testar o funcionamento contínuo.","To Do","Normal","2026-09-16","2026-09-22",2,"Aluno 2","Técnico,Frontend,Integração","Sprint 3"
"[TÉCNICO] TT21 - Deploy do Frontend na Vercel (Configuração Inicial)","Configurar o repositório no GitHub para fazer deploy automático no ambiente gratuito da Vercel.","To Do","Normal","2026-09-16","2026-09-22",1,"Aluno 5","Técnico,API,Deploy","Sprint 3"
